Date,No. Frames (3fps),Time (Minutes),No. Frames for Training (80%),No. LeftTurns,No. RightTurns,No. LeftLaneChange,No. RightLaneChange,Avg No. Frames Merge,Avg No. Frames Per LeftLane Change,Avg No. Frames Per RightLane Change,Avg No. Frames Per Uturn,Avg Acceleration (excl frames w 0acceleration),Max Acceleration,Avg Yaw Rate,Min Yaw Rate,Max Yaw Rate,Avg Acc on LeftTurn,Acc Var on LeftTurn,Avg Acc on RightTurn,Acc Var on RightTurn,Avg Acc on IntersectionPassing,Acc Var on IntersectionPassing,Avg Acc on LeftLaneChange,Acc Var on LeftLaneChange,Avg Acc on RightLaneChange,Acc Var on RightLaneChange,Avg Acc on CrossWalk Passing,Avg Yaw Rate on LeftTurn,Yaw Rate Var on LeftTurn,Avg Yaw Rate on RightTurn,Yaw Rate Var on RightTurn,Avg Yaw Rate on LeftLaneChange,Yaw Rate Var on LeftLaneChange,Avg Yaw Rate on RightLaneChange,Yaw Rate Var on RightLaneChange,Avg Yaw Rate on LeftLaneBranch,Yaw Rate Var on LeftLaneBranch,Avg Yaw Rate onRightLaneBranch,Yaw Rate Var on RightLaneBranch,Distance to nearest preceding vehicle,how long before left lane branch does driver do left lane change
201702271017,9487,52.71,7590,11,17,4,4,nan,6,5.25,nan,19.4488227,72.941202,-0.2457167646,-37.109375,29.785156,15.91503825,146.4619334,16.24121915,70.17199922,17.07746139,121.5132178,8.120917875,198.7503527,2.894492143,40.95828561,13.78359233,-16.82535806,104.92694,17.72706614,54.41784971,-1.831054708,14.10146572,0.1278831905,1.150193777,-2.075195167,1.524885541,-1.383463778,5.059772004,,
201702271123,1326,7.37,1061,1,2,0,0,nan,nan,nan,nan,19.39923451,41.568642,0.08898799056,-24.902344,24.169922,4.855277143,31.93610834,12.156867,49.73238628,14.88424139,139.8086795,nan,nan,nan,nan,4.967322,-11.07933405,48.62874083,8.933042897,101.2261653,nan,nan,nan,nan,nan,nan,nan,nan,,
201702271136,10350,57.5,8280,23,19,0,1,nan,nan,9,nan,19.65683339,55.294137,-0.5093340036,-39.0625,28.808594,12.51867852,111.8032254,12.83964035,92.16355164,18.57707022,134.076394,nan,nan,0,0,8.933967517,-10.72765534,116.3225103,11.82338167,91.74579119,nan,nan,0.1898872222,7.613206084,-3.214518333,3.465347872,-0.6306965,0.4714561498,,
201702271438,19474,108.19,15579,22,30,5,9,9,9.6,9.333,30,11.46125356,64.705905,-0.3738035964,-33.935547,31.982422,6.49150554,57.98157589,6.285016205,50.93317443,10.45271194,81.10875351,4.583334937,61.04807714,0.9010273929,9.76467523,7.6906345,-11.71874998,77.15834531,9.5323835,87.84364545,-2.492268833,10.97211819,1.668294274,8.470718647,-3.526475722,13.7900135,0.1356336667,2.160484052,,
201702271632,15115,83.97,12092,23,22,6,10,9,8.5,8.1,24,10.10517647,51.372567,-0.5630457658,-41.992188,31.982422,4.874693305,30.44002345,6.455861599,33.26707625,9.346625641,48.07509177,11.02653212,106.0928866,1.496006333,22.21031875,5.782595763,-10.81171099,81.75602965,9.690548859,86.00344618,-2.154182059,10.9525429,1.61554784,26.22835115,-3.859746905,14.37674873,nan,nan,,
201702281017,11790,65.5,9432,19,17,8,2,6,8.625,9,15,21.18253268,79.607871,-0.516909371,-37.597656,31.25,15.68916351,126.8543824,11.55862149,155.2774312,17.40273682,184.1447896,10.3097507,137.3791486,0,0,11.4117687,-9.912229074,78.79410846,10.1930544,74.14501254,-1.556838797,7.633025229,2.183702222,10.55314936,-1.696134965,3.736105165,-0.7595485556,0.1780778741,,
201702281511,12434,69.08,9947,3,6,12,9,8,8.25,7.667,15,22.64257777,69.411789,-0.1175911004,-43.701172,22.460938,13.58789605,123.7392219,11.04817622,152.3775498,17.79674324,238.8625926,28.10854618,189.8411133,15.1463537,133.465378,0,-13.8089364,35.19396513,8.011429346,39.2774168,-0.574593596,2.427911572,0.5378170435,4.610427155,-0.732422,3.695488261,0.1898871111,0.2222296045,,
201702281709,9923,55.13,7938,5,5,6,3,6,4.5,4,nan,20.63566219,65.882376,-0.3674411762,-26.367188,26.611328,8.627454,100.737882,11.88497148,103.3243254,18.15182153,172.8760115,20.97313733,285.0343929,26.1438,116.4510192,0,-18.1012835,39.27824439,12.75390628,60.47064516,-0.8770978148,2.054193371,-0.1831054167,0.6270904255,-0.1923532424,1.534395355,nan,nan,,
201703011016,10697,59.43,8558,33,31,2,3,6,3,5,24,21.37975982,87.058854,-0.6522874176,-57.128906,36.621094,20.30289249,158.2518893,19.80336016,115.2842799,21.0829032,195.7919311,7.320264,53.80840197,0,0,4.322742103,-17.56555408,130.1684709,12.9352072,288.7957157,-1.464843833,2.225240397,0.1302084667,13.94642759,-1.511346762,3.125661936,5.045573,5.933973416,,
201703061033,792,4.4,634,2,1,0,0,nan,nan,nan,nan,20.19486762,36.470601,-1.630428106,-36.132812,25.878906,15.9215742,96.45117606,22.919398,173.3047857,21.2287656,158.828596,nan,nan,nan,nan,nan,-24.7721354,63.05270542,10.79644089,32.80610224,nan,nan,nan,nan,nan,nan,nan,nan,,
201703061107,882,4.9,706,0,0,0,0,nan,nan,nan,nan,16.26298147,20.000007,-0.6411287762,-19.53125,0.488281,nan,nan,nan,nan,nan,nan,nan,nan,nan,nan,nan,nan,nan,nan,nan,nan,nan,nan,nan,nan,nan,nan,nan,,
201703061323,5011,27.84,4009,0,1,5,5,6,10.8,10.8,nan,21.81632595,89.019639,-0.2364065435,-22.705078,18.554688,nan,nan,11.895429,159.4601484,14.66765836,175.8069501,22.29485167,196.1378473,23.75454717,406.5709873,nan,nan,nan,12.85807292,16.09656433,-0.4747178704,1.283523638,-0.1537181667,0.1728452837,nan,nan,nan,nan,,
201703061353,4399,24.44,3519,8,9,1,1,8,6,3,nan,16.71602926,45.882369,-0.6566613112,-29.052734,29.541016,13.51924947,101.8157937,12.17292021,110.7291614,14.91418273,200.857318,21.5032755,111.0043923,0,0,6.840961,-13.35901328,67.72469759,9.679961608,103.6803446,-3.173828167,13.03354728,1.383463333,0.05298185221,-1.953125111,0.6490284492,3.540039083,18.68108924,,
201703061418,1735,9.64,1388,5,5,1,0,12,12,nan,nan,16.98229744,33.333345,-0.6919663372,-31.005859,28.564453,10.19952197,108.9554595,11.19281438,74.83852263,14.13999006,136.8359645,12.90850125,6.983430067,nan,nan,9.455341,-9.874845842,132.51377,12.50542533,84.24987672,0.5900064167,0.1734329226,nan,nan,-1.892089833,1.908590166,nan,nan,,
201703061429,2412,13.4,1930,5,5,1,1,nan,9,6,nan,17.75820063,73.725516,-0.1356056342,-24.414062,25.146484,8.088238125,97.16542109,10.3921605,97.06413421,15.47816159,117.6638588,21.568635,4.579438466,0,0,13.25864143,-11.49241128,70.27666471,11.53379494,66.74828015,-2.414279556,0.9330702507,2.888997167,2.650751284,nan,nan,2.197265476,3.979319775,,
201703061456,4031,22.39,3225,8,8,1,2,8,6,6,nan,17.3349162,57.647079,-0.7299236943,-29.785156,28.320312,12.86928555,102.847652,11.38465661,129.0870471,15.9841037,171.1408317,0,0,9.70588575,100.913181,10.2483696,-12.89062501,62.92223973,9.468737994,78.56607346,-2.604166833,1.185470652,2.685546833,17.26547761,-1.383463667,1.443757046,-0.2441405556,0.3973639459,,
201703061519,3786,21.03,3029,10,6,1,1,nan,9,5,nan,16.10168149,38.431386,-0.8640434328,-31.25,29.052734,10.67736559,114.4648141,11.91309373,102.4334506,15.02370431,130.4663055,6.318085,19.49488979,0,0,8.962421438,-10.62381631,120.7751019,10.23191159,69.04639579,-6.429036556,25.28561329,7.2753906,1.869201328,-2.237955667,0.04801479679,0.1790364667,0.1626543644,,
201703061541,4277,23.76,3422,8,8,0,2,nan,nan,7.5,nan,17.87592168,75.686301,-0.7709478816,-25.878906,29.052734,10.30417656,139.5353331,12.60504643,111.6871059,16.44005218,182.085404,nan,nan,0,0,11.13122562,-10.87521284,54.29168689,10.15259622,82.70111582,nan,nan,-0.01627606667,3.365411239,-1.898871333,0.381175348,2.495659667,22.54085793,,
201703061606,3807,21.15,3046,9,5,0,0,nan,nan,nan,nan,16.46977302,40.392171,-0.9317579813,-32.226562,29.785156,9.721620444,155.7833683,12.54418256,104.3075097,15.21107799,151.7285152,nan,nan,nan,nan,9.673206,-8.356039407,91.52343442,11.10387732,77.61129741,nan,nan,nan,nan,-3.417968667,0.03973638916,-1.383463667,0.251664015,,
201703061635,4365,24.25,3492,8,8,1,1,nan,12,6,nan,17.73206166,54.90198,-0.7578706816,-27.832031,31.738281,10.94061196,121.9003352,12.07889426,125.2377851,15.97078606,169.6095657,8.366016,50.09188008,0,0,6.761737364,-11.7364413,58.98237018,8.553488158,78.19843262,-0.2237955,0.173432987,0,0.01986827596,-1.41834081,1.382935912,5.750868,37.49941601,,
201703061700,4213,23.41,3370,10,6,0,0,nan,nan,nan,nan,17.96574303,54.509823,-0.8998429418,-32.958984,30.517578,11.97352087,136.4601027,13.73052265,102.3965606,14.68279053,176.0813744,nan,nan,nan,nan,11.48366415,-8.95499358,116.1935258,11.67179983,73.15485583,nan,nan,nan,nan,-3.499349,0.3311368476,0.3797741111,0.2928720138,,
201703061725,5237,29.09,4190,3,2,1,1,nan,6,6,nan,19.03244919,59.607864,-0.3813022582,-31.25,31.738281,10.83779345,257.8340503,11.6993505,146.5633902,21.33679375,212.2769243,28.235304,128.4635014,38.3660265,158.2682982,nan,-5.737304697,41.88806719,19.273546,63.49531957,-3.377278833,0.8824797423,1.180012833,0.8626117104,nan,nan,nan,nan,,
201703080946,2257,12.54,1806,0,0,0,0,nan,nan,nan,nan,nan,nan,-0.1880399347,-0.488281,0,nan,nan,nan,nan,nan,nan,nan,nan,nan,nan,nan,nan,nan,nan,nan,nan,nan,nan,nan,nan,nan,nan,nan,,
201703081008,7853,43.63,6282,15,17,0,0,9,nan,nan,nan,16.31349933,68.235318,-0.2766694651,-41.748047,28.076172,15.39816465,98.39095784,12.9917819,65.19821444,14.90581068,123.3040798,nan,nan,nan,nan,9.990666429,-19.35188137,74.03977596,15.27847782,51.84876404,nan,nan,nan,nan,-0.02712666667,0.337023696,nan,nan,,
201703081055,9190,51.06,7352,22,24,1,1,nan,6,6,nan,14.98509295,33.725502,-0.180050423,-37.597656,29.541016,14.13812606,70.28893796,14.83951137,43.23477009,14.6564048,98.12519592,17.4509865,83.13474998,0,0,6.2614401,-17.72911961,98.15730164,15.04087093,55.4248992,3.86556,6.445580586,8.585612,13.30011268,0.9765625556,2.423922234,1.464843833,2.622604777,,
201703081152,8871,49.28,7097,26,28,0,1,nan,nan,9,nan,15.32637356,59.215707,-0.1594809418,-36.621094,28.076172,11.85057444,83.23819446,10.77605366,67.80605435,15.19859758,124.9175544,nan,nan,0,0,1.587302143,-17.31004901,116.4053499,16.10579803,53.9186259,nan,nan,2.57704,2.200221002,-2.563476667,1.683831383,0.1424154167,4.236482953,,
201703081407,5161,28.67,4129,0,2,2,4,6,9,9,nan,19.08024096,85.098069,-0.1850124282,-17.089844,18.554688,nan,nan,0.3529413,3.612459276,20.00493979,135.982603,17.995649,395.1113687,28.9542585,209.3854257,0,nan,nan,5.655924467,27.54562443,-1.491970444,2.171522647,0.1356337222,0.7134159374,nan,nan,1.525878917,14.08780641,,
201703081437,5603,31.13,4482,9,7,0,0,4,nan,nan,nan,15.16416106,37.647072,-0.6509872425,-30.761719,27.34375,9.374898538,85.91305982,15.18791381,21.74959605,14.31434134,122.56222,nan,nan,nan,nan,4.0697182,-13.15438037,41.08763457,12.25535072,58.37855218,nan,nan,nan,nan,-0.7905506667,5.085722567,-0.3255206667,0.1721913452,,
201703081509,5093,28.29,4074,12,6,2,2,3,6,7.5,nan,13.42558452,29.803932,-0.7735914386,-29.052734,25.146484,8.437642849,77.44037419,11.71443346,56.19680379,13.23476302,78.53011773,0,0,12.4705926,82.6595478,5.9912875,-11.23938712,73.08719013,13.30253403,34.79038106,-3.6621095,9.546676407,1.3183592,21.63887009,-1.871744833,0.2914004313,5.208333333,16.70254394,,
201703081549,4726,26.26,3781,11,7,0,1,4.5,nan,9,nan,14.85708764,41.568642,-0.7625763094,-24.169922,28.320312,9.3899815,57.8979322,16.0087202,46.34315783,12.96257138,129.2478242,nan,nan,3.572986,10.84863656,7.4291965,-13.58080674,28.37439804,13.40332031,79.89015832,nan,nan,1.464843667,6.132655579,-3.336588667,0.490083001,2.644856667,2.213650149,,
201703081617,4578,25.43,3662,12,6,4,0,6,6.75,nan,nan,15.15440715,34.509816,-0.8359583143,-28.320312,30.029297,9.587421656,100.3889265,11.45191811,80.81065968,12.93200774,116.4842106,21.80102433,145.4741703,nan,nan,7.2941202,-12.1866862,82.41542513,11.03283107,33.25013341,-2.947772111,6.69746897,nan,nan,-4.313151,0.3708733995,-0.04069,8.760226516,,
201703081653,5060,28.11,4048,10,7,2,2,6,7.5,4.5,nan,15.83803326,38.823543,-0.7473187947,-29.296875,31.738281,10.4313762,100.688011,14.81118892,57.74594009,16.2832301,110.1522218,19.8954318,24.59500205,0.392157,1.230296901,3.2941188,-12.85603837,55.07915764,10.59072993,78.47692903,-2.262369867,5.050235168,1.817491222,2.703548604,-1.342773333,3.412365857,4.530165,4.703616178,,
201703081723,3721,20.67,2977,12,5,2,1,12,7.5,6,nan,14.76578955,31.764717,-0.9538460457,-28.076172,26.855469,9.15618309,89.53288445,14.074079,57.19551566,14.15609876,108.3088755,0.8366016,2.806443931,0.392157,0.1537871126,7.7037064,-10.34743278,71.91804604,12.97562219,42.19436496,-4.427083333,2.502335662,-1.546223833,0.9073150872,-0.813802,1.443757372,4.638671667,0.5165738729,,
201703081749,4089,22.72,3271,3,2,1,2,3,12,6,nan,19.9794637,74.50983,-0.1929391091,-29.052734,30.029297,22.32026925,194.2705021,10.1176506,102.8979318,12.592597,185.0118844,11.1764745,116.3015039,7.09150575,106.3299048,15.163404,-9.121365083,66.68154652,15.3889974,83.70273661,-4.089355333,27.98562088,4.740397083,20.71716682,nan,nan,nan,nan,,
201704101118,14199,78.88,11359,26,13,5,1,nan,10.8,15,nan,21.16707351,64.705905,-0.5707935486,-34.179688,27.34375,13.56632539,180.0385675,16.33299505,145.8562369,21.91707614,175.0780778,6.790125833,98.41135842,29.2026246,2.129780636,16.63399275,-11.8853401,102.0355009,11.81512128,86.29823804,-0.7776330556,2.137100305,3.8085938,47.4278136,-1.424153611,12.69744507,nan,nan,,
201704101354,11334,62.97,9067,11,25,5,8,nan,11.4,10.5,28.5,21.19273698,100.000035,-0.06750430231,-49.804688,30.273438,13.91189061,107.5222545,11.73751343,173.5058717,25.54964775,330.2450637,17.06914942,526.8590278,4.519142571,64.87427397,5.0457534,-14.83078946,55.74234622,11.42818441,71.86411168,-0.4540158772,4.848761856,0.6713866786,2.544373292,0.2942207436,6.318640851,nan,nan,,
201704101504,13897,77.21,11118,33,31,10,6,13,12.6,9.5,12,19.82343322,100.000035,-0.3720082247,-46.630859,31.005859,14.20922165,121.8263975,11.75542818,128.6793846,17.59845592,143.943405,7.858701786,106.4826869,5.098041,66.9378643,7.9869309,-13.69748706,75.28737261,11.85743343,81.72683302,-0.3235831508,16.35894839,1.72611707,3.914790451,-0.8951822308,5.348625249,0.544621359,3.43097018,,
201704101624,5783,32.13,4626,8,4,2,1,nan,10.5,6,nan,20.04855977,61.176492,-0.4071650342,-33.447266,31.982422,14.21895922,132.5503833,10.31911165,171.1046886,16.41555442,155.0116822,0,0,0,0,0,-14.50195314,71.28953958,11.10600488,95.12754691,-0.8835565238,10.48176781,0.6510416667,0.9669199965,0.813802,0.3808072934,-0.1139322667,0.3645154123,,
201704101658,9189,51.05,7351,28,19,4,2,nan,8.25,4.5,23,17.1229894,100.000035,-0.9372728831,-49.316406,32.714844,14.00931639,141.3400378,12.0485947,189.6228033,14.92679531,112.3808196,13.725495,136.4790722,3.92157,7.689355632,4.79303,-15.39144995,94.35689869,13.6176215,81.7405128,-1.368667091,12.03991926,-2.685546889,0.9271831733,-0.5696614444,5.193882634,nan,nan,,
201704110943,2824,15.69,2259,1,2,4,3,9.5,13.5,17,nan,21.93920002,73.725516,0.1973442669,-27.099609,19.042969,18.0610085,236.5155609,3.2941188,66.4216792,21.6209226,115.5631549,20.95135083,333.8068998,6.697426412,68.52176668,nan,-12.27484794,74.3257039,6.575520767,47.79073907,-0.4069009074,0.3885339024,-0.067019,0.08666851056,nan,nan,1.247829778,0.09860530072,,
201704111011,4977,27.65,3982,12,10,2,0,9,12,nan,nan,16.32408656,32.941188,-0.3356168127,-32.470703,29.541016,14.61122891,102.4057442,9.663150692,69.71278003,13.85182008,101.0747297,0.016339875,0.006140804845,nan,nan,nan,-10.39000769,82.67332883,12.11521762,72.89874918,-2.634684208,3.392393991,nan,nan,-0.556098,0.4291903256,nan,nan,,
201704111041,10058,55.88,8046,22,13,5,5,9,11.4,9,33,16.88086695,52.549038,-0.8459961767,-44.921875,30.517578,11.74588646,110.9125517,13.55516418,149.3495362,15.1738021,146.5339616,5.098041,40.61598586,3.5468422,43.05325278,6.520571294,-14.28255209,93.08365993,13.3660827,59.91271445,-2.796909246,35.92187945,-1.144748222,8.309741442,-0.4679361944,2.173500066,nan,nan,,
201704111138,3930,21.83,3144,9,8,0,1,9,nan,12,nan,15.77137492,51.372567,-1.32483563,-37.109375,31.005859,10.43815422,110.9358256,12.15323592,104.966811,15.21114485,129.3423407,nan,nan,3.92157,49.44255672,13.9346454,-11.10086323,68.94136185,9.550871704,72.87519699,nan,nan,-1.220703,0.5265077667,3.222656267,22.93745574,4.394531111,0.7947284885,,
201704111202,1890,10.5,1512,3,2,2,1,15,15,9,nan,20.58122651,100.000035,-0.4934483406,-26.611328,28.076172,15.06069621,61.71300725,16.30422436,57.88015938,23.88889725,177.1334915,5.5817013,282.5754466,0,0,nan,-16.64225267,74.69573598,12.79148903,110.849971,-0.813802,2.417299752,0.4882812222,0.1457002563,nan,nan,nan,nan,,
201704111315,3609,20.05,2887,9,11,1,1,nan,12,18,nan,16.3147012,38.823543,-0.1531482245,-32.714844,29.785156,12.92137509,122.8630835,8.459792674,94.92205895,9.203039274,98.81095369,0,0,0.3267975,0.5852454009,16.862751,-12.87040325,98.08882396,9.35872392,57.90835985,-5.065918083,1.809249183,0.2305771111,0.2349233292,-3.336588667,0.490083001,nan,nan,,
201704111335,1011,5.62,809,3,6,0,1,nan,nan,15,nan,14.2966577,29.019618,0.717634602,-26.855469,29.541016,7.0065384,70.41809363,7.266173379,72.74250305,6.553775318,89.25135348,nan,nan,3.006537,19.12428183,nan,-12.78754338,107.2255481,7.467335644,63.80924181,nan,nan,-2.832031333,9.415944743,nan,nan,nan,nan,,
201704111402,1604,8.91,1283,0,0,2,0,nan,9,nan,18,21.9819457,52.156881,-0.6827567038,-54.6875,9.277344,nan,nan,nan,nan,25.71724326,147.4950471,37.080623,231.0945652,nan,nan,nan,nan,nan,nan,nan,0.2170139444,35.53687822,nan,nan,-1.437717333,2.323845487,nan,nan,,
201704111412,10153,56.41,8122,13,15,8,7,nan,9.75,8.571,nan,16.16220631,49.019625,-0.1530614224,-28.320312,31.982422,11.94805613,92.59948562,8.178769865,87.8549665,15.04943,116.5817191,5.972852769,84.70090641,6.46405455,128.0405442,16.89543075,-9.793104022,67.48666808,9.738131662,70.58322559,-1.273913218,7.511174683,1.151529883,7.484538599,-0.5754743571,2.207703159,nan,nan,,
201704111540,28244,156.91,22595,51,50,9,10,nan,12,14.1,22.5,17.91743946,100.000035,-0.3860221301,-45.410156,30.761719,13.12117899,102.1369641,8.153130771,100.8614836,15.52397929,131.8027601,20.99129275,195.6868624,5.426229128,117.9680744,8.162675333,-12.1372768,85.99060262,10.56935145,66.35891692,-0.6103515278,27.55224664,0.5627354681,4.322768268,-0.6510416212,1.07348576,nan,nan,,
201704130952,2443,13.57,1954,0,2,4,1,16.5,14.25,12,nan,21.19495026,65.098062,-0.1899149672,-21.728516,16.357422,nan,nan,0.2020202727,1.305990099,16.6274568,112.8961446,13.00310053,107.7901399,9.281049,175.0439091,nan,nan,nan,6.088719242,22.88796401,-1.062225807,3.221769614,0.6917316667,0.1274876429,nan,nan,nan,nan,,
201704131012,1411,7.84,1129,0,0,0,0,nan,nan,nan,nan,19.56599925,32.941188,-0.2623052941,-1.708984,0.732422,nan,nan,nan,nan,nan,nan,nan,nan,nan,nan,nan,nan,nan,nan,nan,nan,nan,nan,nan,nan,nan,nan,nan,,
201704131020,4649,25.83,3719,0,0,1,1,15,15,9,nan,19.2981972,54.117666,-0.1920170836,-13.427734,11.230469,nan,nan,nan,nan,nan,nan,20.0784384,14.37806979,9.673206,40.497273,nan,nan,nan,nan,nan,4.2154946,0.3216000426,2.251519,1.228885924,nan,nan,nan,nan,,
201704131047,6220,34.56,4976,4,5,3,3,nan,14,15,nan,18.73105507,45.098055,-0.2388909277,-31.982422,27.587891,5.810829509,73.90458356,8.860297219,97.49647388,15.87531978,154.0526416,12.287586,273.3065509,9.0370402,89.87288486,8.7146,-5.340384302,53.38907383,7.283528583,57.29206831,-1.081194119,4.345867685,4.606119778,59.0340294,-3.770616222,2.491621358,nan,nan,,
201704131123,10046,55.81,8037,6,9,1,4,nan,15,15.75,nan,19.25182564,45.882369,-0.2808969995,-31.25,30.761719,5.490198,67.32913708,7.916099442,85.60283629,10.6921559,137.2843979,38.8496868,4.43863782,4.251479857,57.58085525,nan,-7.996961822,73.75564113,7.307185667,50.30094728,-0.1139322667,0.06251869195,0.05037826984,1.09589037,nan,nan,nan,nan,,
201704131537,10138,56.32,8110,14,10,1,1,nan,21,6,24,19.87542013,74.117673,-0.5735950656,-38.574219,31.25,8.661300884,117.1805149,5.666384478,74.86922565,13.36159017,151.4231192,0,0,0,0,2.5490205,-9.236653673,92.90318143,7.256991609,50.78122994,-2.883184571,5.753943324,2.604166667,1.066260807,-0.2441406667,0.03973638916,nan,nan,,
201704131634,2943,16.35,2354,3,6,2,1,nan,10.5,9,nan,17.27490032,43.921584,0.2545118526,-24.658203,34.423828,12.66340313,91.89394061,14.06120516,165.0534926,15.15827776,139.7951395,18.50607557,295.7783004,3.965143,69.39026411,nan,-14.39412435,73.65136779,10.52394059,82.17336242,-2.197265714,11.17161386,1.654730889,16.10355514,nan,nan,nan,nan,,
201704131655,3218,17.88,2574,4,7,0,1,nan,nan,9,nan,17.80097811,40.784328,-0.009674651127,-27.099609,31.982422,4.572744278,74.36112606,10.99799279,117.9711646,18.1923877,133.8500341,nan,nan,0,0,nan,-4.805953599,70.66275565,9.073893186,86.89045505,nan,nan,0.7595485556,0.2178144803,nan,nan,nan,nan,,
201704140944,4709,26.16,3767,0,0,3,0,nan,17,nan,nan,19.44151956,57.254922,-0.2217163377,-5.371094,1.464844,nan,nan,nan,nan,nan,nan,20.07690053,211.9489138,nan,nan,nan,nan,nan,nan,nan,-0.201056902,0.1629331383,nan,nan,nan,nan,nan,nan,,
201704141033,1614,8.97,1291,2,2,0,0,nan,nan,nan,nan,15.94179962,30.588246,-0.2187999806,-28.320312,24.169922,18.18446533,14.40071805,13.202619,77.5034471,12.71129586,116.7988434,nan,nan,nan,nan,nan,-18.17491322,63.05435452,11.37444918,59.36230858,nan,nan,nan,nan,nan,nan,nan,nan,,
201704141055,3350,18.61,2680,9,6,0,0,nan,nan,nan,nan,24.02271566,57.254922,-0.5949561735,-35.15625,29.296875,11.87770439,140.8814242,7.9956455,108.1574321,12.16136164,176.2153345,nan,nan,nan,nan,nan,-11.00977663,108.7779268,6.983778156,64.65216291,nan,nan,nan,nan,nan,nan,nan,nan,,
201704141117,4318,23.99,3454,2,11,1,1,nan,6,18,nan,15.77818669,45.098055,0.4537169401,-24.414062,35.15625,8.068927364,73.0351803,7.175180275,120.2496737,15.23057904,98.83194916,12.7451025,207.0871628,3.398694,14.81482519,nan,-7.594253136,51.92490868,8.542239011,67.98007275,-5.777995,4.841221656,0.9629991667,5.705305268,nan,nan,nan,nan,,
201704141145,2206,12.26,1765,0,2,0,0,nan,nan,nan,nan,19.26039777,41.568642,0.002489728045,-15.869141,22.949219,nan,nan,6.797388,71.47026037,19.35445625,137.1202053,nan,nan,nan,nan,nan,nan,nan,11.79387021,57.26066627,nan,nan,nan,nan,nan,nan,nan,nan,,
201704141243,15334,85.19,12267,14,6,5,4,nan,14.4,15.75,nan,19.00721447,95.294151,-0.4879032167,-40.039062,28.320312,10.56677767,200.6986074,7.502819845,103.0709156,14.80409097,148.1376419,10.631812,147.7063512,3.199503143,41.90433402,11.503272,-8.633589871,82.99531221,5.989863977,75.93196407,-0.4543727778,5.2937295,1.06569319,3.535220815,-0.1627604444,0.3973641267,nan,nan,,
201704141420,8526,47.37,6821,16,8,1,0,nan,18,nan,18,16.77949979,100.000035,-0.8118097436,-37.841797,29.541016,6.121579314,88.34523289,5.613489784,85.81723138,11.69608253,117.707791,8.6492405,41.25719018,nan,nan,2.144979955,-8.952886695,97.79568111,5.47559328,46.82817114,-0.7459852222,3.301251109,nan,nan,-3.011067667,1.880857707,nan,nan,,
201704141608,4191,23.28,3353,7,10,0,0,nan,nan,nan,nan,18.19670237,44.313741,0.1507220313,-32.470703,35.644531,18.99020273,86.91192166,10.11931052,101.4423381,14.64410934,120.0854851,nan,nan,nan,nan,nan,-12.30061854,107.6948476,11.17104825,82.41487051,nan,nan,nan,nan,nan,nan,nan,nan,,
201704141639,4312,23.96,3450,10,5,2,0,nan,12,nan,nan,16.28812583,41.568642,-0.5054772519,-31.25,25.390625,12.43263037,160.2572018,10.78642587,91.64595273,12.42593823,135.023031,4.705884,15.73754786,nan,nan,nan,-10.26951338,105.4983448,11.77912884,51.06471702,-2.268473292,39.71893993,nan,nan,-0.3865560833,0.7297430015,nan,nan,,
201704141725,1763,9.79,1410,0,0,1,0,nan,12,nan,nan,21.24952685,85.882383,-0.1677818348,-5.371094,8.300781,nan,nan,nan,nan,19.0980459,103.7258191,18.20262075,5.72750198,nan,nan,nan,nan,nan,nan,nan,-1.0375975,0.0906487751,nan,nan,nan,nan,nan,nan,,
201704150933,1642,9.12,1314,1,3,3,0,6,10,nan,nan,23.17500811,49.803939,-0.1989914216,-23.925781,25.878906,27.33661088,39.9779745,13.333338,217.7305125,28.8366114,119.3975803,18.9150393,162.5292265,nan,nan,nan,-10.43701175,56.95347923,14.26188154,60.21766076,-0.4882813,1.53382651,nan,nan,nan,nan,nan,nan,,
201704151035,4536,25.2,3629,8,5,0,1,nan,nan,15,nan,22.85671002,58.82355,-0.4583439763,-34.667969,37.597656,12.31710319,156.2699859,21.830073,193.0626325,13.95722414,186.4485933,nan,nan,0,0,6.274512,-11.39454178,106.4862594,13.25625467,85.87862839,nan,nan,0.1953123333,0.1684824137,nan,nan,2.447219119,36.52200261,,
201704151103,5740,31.89,4592,12,14,2,1,nan,12,18,33,16.21724505,60.392178,-0.4277777957,-40.283203,31.738281,9.773081191,105.8178297,11.81488497,114.6905648,12.22434341,91.86705863,32.27125313,371.2610463,0,0,7.84314,-10.524564,81.69047653,9.621771067,84.31506205,-1.08846025,0.7896579821,-0.1356336667,1.186941623,-0.8951823333,2.08947379,4.258897556,24.67779425,,
201704151140,6998,38.88,5598,10,9,1,2,nan,9,18,24,16.61215818,61.568649,-0.6096537692,-42.724609,28.320312,9.651174708,91.22023163,11.8692852,140.4206203,12.78480687,135.4576816,7.84314,49.28022588,4.73856375,64.20932343,8.017432,-9.921984712,114.868081,11.45652489,64.67733531,-1.139322889,0.1059639034,0.06781680556,0.2503763702,-0.9705343951,4.565238071,3.865559667,0.6837976201,,
201704151315,3637,20.21,2910,0,0,2,0,nan,10.5,nan,15,16.42110408,47.05884,-0.2771123206,-40.527344,25.146484,nan,nan,nan,nan,11.69555053,130.0618596,7.058826,136.6947736,nan,nan,0,nan,nan,nan,nan,-2.278645857,15.91349363,nan,nan,nan,nan,nan,nan,,
201704151347,11700,65,9360,7,15,3,8,6,14,11.625,57,17.24533246,61.960806,-0.1969297534,-32.714844,31.005859,10.2483696,114.1837311,11.92294879,127.8238531,18.25625135,145.791675,0,0,6.493782581,127.2744207,12.73420925,-9.707919042,102.0553553,10.3609854,81.74289263,-1.505533881,2.233518625,0.04462786022,2.28798044,0.2848306667,0.6440612852,-0.6781682222,0.5666118187,,
201704151502,2447,13.59,1958,2,3,1,0,13.5,15,nan,nan,16.7804761,35.686287,-0.2986297314,-21.728516,27.099609,6.4139456,88.43890547,7.949539186,91.68037065,18.89673864,109.1137745,0,0,nan,nan,nan,-6.266276,55.85352556,4.793861977,50.35431711,-2.4414062,6.739298633,nan,nan,nan,nan,-3.133138167,0.02814658864,,
201706061021,2633,14.63,2106,0,2,1,1,9,9,15,nan,18.9138643,40.392171,-0.05738371605,-19.042969,17.578125,nan,nan,5.923634684,97.5532858,13.75817475,193.9372967,32.549031,84.00193842,10.7973894,94.15598884,nan,nan,nan,5.431058035,11.30246486,1.302083222,0.4900829649,0.2278646,0.5123350361,nan,nan,0.05425344444,0.1030203767,,
201706061140,12680,70.44,10144,10,8,4,5,13,10.5,9.6,39,21.49886908,76.078458,-0.164477331,-34.423828,32.714844,10.25071084,110.9563302,5.909267735,92.64394934,14.16482878,109.7447289,23.02521814,647.8486124,15.8823585,117.8265595,1.4901966,-7.568359363,94.44222474,6.047267525,65.51549002,-1.185825833,5.056663097,1.373291062,12.34219681,-2.577039889,26.71759805,2.567997778,22.19663876,,
201706061309,6928,38.49,5542,0,1,1,2,18,6,10.5,nan,25.49348106,90.588267,-0.1147575626,-9.765625,15.136719,nan,nan,6.230939,99.27053052,14.3573035,297.0962916,73.1372805,2.191466355,5.471523857,54.19862369,nan,nan,nan,6.600839074,13.88780053,-1.057942667,1.721911662,-1.499720952,4.849466191,0.3255208333,0.7351236606,0.08138016667,1.662306997,,
201706061536,12230,67.94,9784,15,14,0,1,nan,nan,12,24,18.43903959,84.313755,-0.4473833142,-37.597656,33.691406,10.79827065,93.64679721,10.90734715,92.56998253,14.13541273,161.7789909,nan,nan,0,0,10.64633633,-9.87535115,90.6080051,10.07319432,88.22633642,nan,nan,4.496256417,1.663549062,-1.043146273,2.760860799,0.6917317407,2.794243802,,
201706061647,15742,87.46,12594,29,17,9,6,13,10,8.5,nan,24.06346131,98.03925,-0.4691478317,-37.109375,37.841797,11.84434341,159.7708087,8.619984343,133.427596,14.3504749,161.1718158,29.3333436,722.9060552,12.71818976,190.3899827,13.62494192,-10.57615315,102.8732293,8.234901994,96.25867564,-1.041666667,14.06775573,-0.4116881373,3.769093941,-1.113891604,8.096064986,1.450690652,6.746354175,,
201706070945,6250,34.72,5000,0,2,2,1,14,9,3,nan,21.76014188,73.333359,-0.2854981578,-18.798828,15.136719,nan,nan,6.155676545,152.6638595,13.725495,123.7729945,46.6448965,34.59308197,0,0,nan,nan,nan,5.260120697,34.38679055,-0.3119575,1.058350431,4.069010333,0.09271840413,nan,nan,nan,nan,,
201706071021,22348,124.16,17878,34,32,8,12,10.5,15.75,8,nan,21.72447502,68.235318,-0.3386670919,-45.654297,32.226562,9.905963038,143.4764251,11.12532359,99.48705867,19.61941805,186.4252314,20.1960855,358.2916284,9.628271344,125.2335549,12.6928149,-8.436758388,119.0523086,9.658887157,85.41372522,-1.486157595,10.79981276,2.400716073,15.31673799,-2.105034733,8.342766318,0.3526474444,2.008161447,,
201706071319,15637,86.87,12510,15,30,14,17,9,6,6.706,15,21.70314655,75.686301,0.0163149542,-46.142578,32.714844,14.79822076,138.4171668,18.98663494,170.5265987,20.06139194,226.5660397,12.45565329,161.4567654,5.8169955,126.0917174,17.995649,-17.08338498,81.806229,16.69563501,65.9496137,-3.24939544,16.67507536,1.533374439,7.651885952,-8.951823,18.15954878,-0.3458659167,11.99502166,,
201706071458,2334,12.97,1867,3,1,2,2,nan,12,10.5,nan,23.14864487,53.725509,-0.5773332812,-30.273438,21.240234,16.15196644,209.7826424,8.235297,113.9178037,16.10264422,276.2675195,15.6209205,166.6496959,1.643324571,20.36755125,nan,-13.95670577,112.6784428,6.449381375,51.90033011,-1.393636,8.704657897,3.011067762,30.37187829,0.6917318333,0.584456498,nan,nan,,
201706071518,2331,12.95,1865,2,3,0,0,nan,nan,nan,nan,19.27572691,58.039236,-0.1426882745,-34.667969,27.099609,10.43740938,148.5632041,10.3878032,99.35756263,19.738569,127.2913019,nan,nan,nan,nan,nan,-11.26802892,131.1532604,10.04774298,84.71795224,nan,nan,nan,nan,nan,nan,nan,nan,,
201706071532,2610,14.5,2088,8,8,0,0,nan,nan,nan,nan,18.94229089,55.686294,-0.3933377644,-40.527344,34.179688,11.23094075,189.343144,7.607333176,88.6222659,19.0326864,219.550583,nan,nan,nan,nan,nan,-11.32032606,135.1375934,7.156671196,92.28082435,nan,nan,nan,nan,nan,nan,nan,nan,,
201706071602,2135,11.86,1708,1,0,0,1,nan,nan,9,nan,17.0107942,45.882369,-0.3743586756,-25.390625,4.394531,2.77777875,40.43212707,nan,nan,13.46801818,103.1217515,nan,nan,3.398694,9.944899951,nan,-15.0146485,75.91148348,nan,nan,nan,nan,0.8138018889,0.9801652063,nan,nan,nan,nan,,
201706071620,1463,8.13,1170,0,1,0,1,nan,nan,12,nan,21.01671033,34.901973,-0.492037488,-17.333984,22.949219,nan,nan,6.013074,74.31335032,16.97894567,44.57336983,nan,nan,0,0,nan,nan,nan,6.052653,75.59348929,nan,nan,1.180013083,12.05835032,nan,nan,nan,nan,,
201706071630,4518,25.1,3614,11,10,0,1,nan,nan,12,nan,18.97301288,52.156881,-0.3279078901,-31.738281,30.517578,8.573825692,145.9752688,12.72954071,96.81179657,14.83418578,140.0536961,nan,nan,0,0,6.666669,-8.972689701,107.6219473,11.33316281,87.7781084,nan,nan,1.4038085,2.176810874,-0.7975259778,2.660751308,nan,nan,,
201706071658,5760,32,4608,2,2,2,3,nan,15,8,nan,22.14441452,69.411789,-0.3054937459,-37.841797,24.414062,20.62455333,111.5726557,14.8235346,159.7273962,16.3747334,185.3954146,24.2745183,224.9326193,3.382354125,77.96766319,nan,-14.74790226,205.7431314,13.28938807,38.57089353,-0.3092449,1.136197137,1.322428375,8.026344611,nan,nan,nan,nan,,
201706071735,2250,12.5,1800,0,3,0,1,nan,nan,15,nan,21.19867557,39.607857,0.01491942889,-11.71875,28.320312,nan,nan,3.660132,83.23300286,3.660132,60.66047221,nan,nan,16.9411824,315.8418205,6.143793,nan,nan,9.501139271,76.65364192,nan,nan,4.801432333,39.47151896,nan,nan,nan,nan,,
201706071752,1591,8.84,1273,0,2,0,1,nan,nan,9,nan,21.42830431,49.019625,0.5659534391,-20.263672,34.667969,nan,nan,18.66013725,83.01834168,29.6470692,140.3659405,nan,nan,0,0,nan,nan,nan,15.26896162,148.420431,nan,nan,1.112196,14.71719639,-1.3834635,6.728701118,nan,nan,,
201706080945,3721,20.67,2977,0,2,2,1,10,10.5,9,nan,26.01882437,74.901987,-0.3282000101,-17.333984,16.113281,nan,nan,5.71895625,136.2030515,34.1830185,61.79251624,20.97106243,1100.77328,5.838782,74.7557256,nan,nan,nan,9.602864542,16.83665705,-0.4185266667,1.050987773,0.813802,1.19209276,nan,nan,nan,nan,,
201706081335,10884,60.47,8707,3,2,6,4,15,14,12.75,nan,21.84309122,89.803953,-0.3174361622,-25.634766,23.193359,9.6122038,130.4020544,5.39215875,69.194589,19.2810525,263.4381783,35.00934932,913.9471116,18.54671929,177.4721018,17.385627,-9.092881978,77.53148278,11.98323579,30.01549141,-0.5435035476,0.9300470573,0.6271062745,1.248787352,-2.224392444,0.1118507819,1.274956556,0.3017023104,,
201706081445,18045,100.25,14436,24,28,3,9,25.5,10,9.333,36.6,22.24834639,60.000021,-0.3200583407,-46.386719,42.236328,13.52850873,150.256416,11.18540853,100.8039612,16.36302042,167.7532523,14.8104627,138.7742438,16.02708311,266.6074613,18.605671,-10.97106933,113.9692284,9.847005204,96.49958666,-1.269531233,3.514289776,0.752766869,3.084126315,nan,nan,1.790364571,2.834531876,,
201706081626,4513,25.07,3610,0,2,2,2,nan,12,13.5,nan,23.58758396,69.803946,-0.2663906512,-14.892578,28.076172,nan,nan,13.97849952,275.3240596,15.87540536,206.1502128,6.388891125,92.07335891,12.88308367,537.7502869,nan,nan,nan,12.8606981,64.27452444,-0.5696615,2.650750986,0.551577037,2.324989946,nan,nan,nan,nan,,
201706081707,18324,101.8,14659,20,23,7,8,6,13.286,11.625,nan,21.81993644,92.156895,-0.1847168664,-35.644531,34.912109,12.25023771,122.1370623,9.289881365,100.0963976,14.02740472,155.9651896,16.96816955,365.6136132,10.68100732,173.3673469,nan,-11.45310175,93.45380174,11.76273929,93.4229758,-1.470094118,8.707377402,-0.6011634624,1.314582518,-2.115885333,1.973576057,nan,nan,,
201706130952,14319,79.55,11455,4,2,10,9,5.25,9.6,10.333,15,24.61768031,100.000035,-0.158824661,-29.541016,30.029297,22.01681443,324.2997072,20.2396585,257.0319009,26.9063275,252.7685804,45.15932953,399.5047271,33.64960065,360.2827178,nan,-13.38898192,79.439191,11.77978511,145.0557669,-0.2975463333,0.4646716674,0.1050067419,2.626959869,0.1627604667,1.753701023,-0.04069008333,0.6142588374,,
201706131127,11615,64.53,9292,21,20,10,8,nan,6,5.625,nan,26.51934404,100.000035,-0.2620860879,-41.015625,36.621094,27.41771607,199.4915354,23.0628884,408.323116,24.33841521,327.6372779,17.385627,575.797746,19.7908566,319.6284009,0,-20.17933236,76.41940737,19.05419363,98.50922325,-1.879882817,9.352564743,0.4665798889,18.12464004,-1.898871556,5.36809723,4.069010667,58.02843587,,
201706131318,12600,70,10080,22,18,14,10,6,6,5.1,12,25.53233569,80.392185,-0.3922236579,-42.236328,36.376953,16.64656188,242.651014,15.22658485,206.8074933,19.44222309,339.8406304,19.19701886,465.8867243,13.86390335,301.3734296,8.982262714,-16.80501303,103.718832,16.05902777,70.54710103,-1.97056369,25.37850264,0.8329503922,8.707365761,-2.237955792,18.19266241,4.421657889,48.40485913,,
201706140912,14414,80.08,11531,0,3,0,1,nan,nan,6,12,25.34191624,76.470615,-0.2873540134,-53.710938,39.306641,nan,nan,19.85061386,173.0540922,28.78541313,151.7992422,nan,nan,0,0,nan,nan,nan,21.87965033,28.89108797,nan,nan,1.4648435,0.1192093302,-3.86556,8.909238667,nan,nan,,
201706141033,7020,39,5616,26,25,4,2,12,3.75,4.5,nan,29.51748689,100.000035,-0.6134381759,-59.814453,35.15625,29.93762189,257.1479659,19.86756801,306.4363326,22.04137221,455.7384552,31.7385732,416.8136542,14.596955,243.3861425,47.3856375,-20.79726709,66.62532762,13.53695517,420.4130922,-1.432291667,5.530251251,1.898871667,7.162859358,-4.272461,1.425544324,-0.6510416667,4.821353977,,
201706141147,9675,53.75,7740,39,23,5,1,nan,6.6,6,nan,23.6428683,100.000035,-0.766046496,-38.574219,44.189453,21.16749731,279.3896236,21.06165726,307.5769744,26.76229453,449.0117286,2.519311636,36.97443249,0,0,nan,-19.31817053,123.94697,18.59207837,103.1769263,-3.003669515,7.33492936,9.358723833,3.907415398,-0.9856047037,1.304597543,nan,nan,,
201706141538,7470,41.5,5976,4,3,1,0,nan,12,nan,nan,26.42891152,70.58826,-0.3093838693,-39.550781,37.109375,12.287586,160.8271449,15.98211774,279.5001488,20.94877394,230.9099361,11.9607885,113.1488681,nan,nan,nan,-17.66493053,179.6832472,11.21761926,99.56991658,-1.057942833,5.715422489,nan,nan,nan,nan,nan,nan,,
201706141720,4500,25,3600,14,16,1,1,nan,21,15,18,25.6476539,75.686301,-0.4443359794,-51.025391,38.330078,15.68118705,258.3603261,10.81355728,169.6310518,15.26539355,307.6038193,10.62558729,103.1970809,0,0,0,-10.45999901,134.9641101,11.32469844,96.21131777,0.4417783333,2.10386829,2.1484374,1.479784923,-2.902560889,4.787503815,nan,nan,,
201706141819,9571,53.17,7657,25,23,5,4,nan,9.6,10.5,nan,24.83411123,100.000035,-0.5218239223,-41.992188,35.888672,18.37618653,288.5384101,13.72428464,220.8976237,18.68083876,281.5150292,11.20915425,192.8479713,13.12792243,337.8354141,38.2353075,-11.86222032,138.7796486,10.88083523,116.3787139,-1.271565792,9.919102665,0.4069010476,19.01009671,-1.322428333,6.720009483,nan,nan,,
201709200946,7251,40.28,5801,2,1,5,3,7,7.2,6,nan,22.75418017,100.000035,-0.2187208162,-33.447266,16.601562,11.111115,157.2661189,4.15032825,46.68613632,15.57008533,173.3387497,29.5642805,419.8753657,23.878004,149.1886881,22.22223,-20.0032552,107.9199073,11.86116542,16.04813611,-0.4001193611,0.4243610492,-0.2712673889,0.08535975025,-3.82487,3.986888394,nan,nan,,
201709201027,14454,80.3,11563,34,34,4,4,nan,6.75,6,21,18.78849605,100.000035,-0.3978502943,-46.630859,36.865234,18.11072641,160.0754416,14.65937038,140.8175317,18.20862913,193.6628364,11.416126,93.70001955,8.872552125,41.49448631,7.84314,-18.58250977,87.89722782,17.84572659,77.19372912,-4.376446815,24.23006391,0.427246,0.537683499,-0.7486980667,12.78294393,0.732422,5.722046332,,
201709201221,9122,50.68,7298,0,1,9,7,9,14.333,15.429,nan,21.73129148,100.000035,0.01381605865,-13.183594,42.480469,nan,nan,31.99347525,41.38048093,17.5817055,124.2471714,26.97067367,599.534267,27.3420575,350.4177011,nan,nan,nan,25.16682925,203.6040846,-0.4977440543,1.41425002,-0.3752531667,0.5060057294,nan,nan,nan,nan,,
201709201319,19704,109.47,15763,28,36,7,11,3,5.143,6.818,33,19.64017654,100.000035,-0.2316262454,-42.96875,34.179688,17.46536559,182.1601156,15.15475348,142.6162385,20.06302666,175.1738641,7.94117925,130.0900137,11.81176884,187.6365174,10.86156055,-17.01741538,69.77093147,15.84580364,82.6691985,-1.55978725,8.375371881,-0.81705728,26.96751496,-2.404415182,2.78921284,2.319336042,27.78073093,,
201709201530,5922,32.9,4738,15,12,1,3,nan,30,9,nan,18.23066592,49.803939,-0.5197650293,-37.353516,36.865234,13.43592759,142.7636139,15.36259486,207.4980657,15.5327169,182.7715629,1.6078437,11.34282481,10.64633633,79.38494974,nan,-15.18719505,99.85836966,14.3087074,107.9724034,-0.9602864,107.5980409,0.2622251852,0.7634952618,-1.204427133,0.9414885447,-0.8951821667,0.7881060825,,
201709201605,9784,54.36,7827,13,10,3,1,6,13,27,nan,21.9061201,100.000035,-0.5141083632,-40.527344,32.470703,16.94375996,236.0660415,17.05764115,189.067972,20.96319963,263.563835,20.89492938,344.1436076,20.392164,98.57184339,nan,-15.07253154,121.6699475,14.20602513,95.63372898,-1.834184667,36.02526543,0.1537181852,2.42457642,-0.7595484444,0.7211426248,nan,nan,,
201709201700,13230,73.5,10584,16,9,7,5,21,14.143,16.8,nan,23.96735581,100.000035,-0.4410171744,-33.447266,32.226562,16.55895036,228.1519876,17.23764323,324.5804606,23.41956041,348.166862,31.43593891,696.9840321,14.15500029,287.2656083,8.758173,-11.92822869,101.8292864,12.90874358,97.84589215,-0.5647293232,2.360881509,-0.1220702619,17.2321285,-2.106843185,4.159733907,nan,nan,,
201709210940,10735,59.64,8588,0,1,3,3,7.5,9,13,nan,22.53446316,79.215714,-0.3064267087,-25.390625,14.404297,nan,nan,2.64705975,49.18944876,16.8888948,197.1031325,15.97676667,131.0105873,23.91152169,660.9493062,nan,nan,nan,6.103515583,5.414088882,-0.1175492222,0.9111577493,0.09390017949,0.5031712418,nan,nan,nan,nan,,
201709211047,20115,111.75,16092,19,13,9,11,nan,12.333,11.182,nan,21.22517776,70.196103,-0.363100896,-37.109375,37.109375,13.04333227,188.850324,16.29930703,163.8158041,19.04859466,217.1015877,5.257023568,63.69385155,8.40427522,128.4436999,11.22730967,-10.09761307,97.93666212,11.77674509,88.75046477,-0.7104271982,1.497687066,1.230627512,5.515996107,-1.180013056,4.306436056,1.85139975,13.18711347,,
201709211317,15148,84.16,12118,28,18,7,7,3,7.286,9.429,33,22.15627867,98.431407,-0.538789718,-45.898438,31.25,11.99833545,138.9275228,11.7072511,168.6510253,17.93669729,198.2542467,16.76278941,399.2545219,9.352350273,112.1678575,16.56863325,-12.3120752,123.5455898,12.06931089,100.760917,-1.828661176,5.60137023,1.697887076,17.04590217,-2.685546933,7.756550716,-0.04069016667,0.008278448317,,
201709211444,8980,49.89,7184,10,11,2,5,nan,6,8.4,nan,18.67554925,100.000035,-0.3875869104,-35.644531,30.029297,8.187055464,93.5789616,9.434018043,110.1634307,12.88557126,158.9077083,33.856221,624.2816963,15.47152736,868.8620526,6.760039714,-10.29944043,99.64435659,9.601133078,59.65325554,-4.04866525,12.14403331,1.435779381,9.043451058,-1.3020835,3.768338172,nan,nan,,
201709211547,24436,135.76,19549,15,11,15,15,13.5,8.6,9.8,15,22.13344842,100.000035,-0.3689897453,-52.734375,35.644531,14.82142197,144.3436889,15.17974388,176.8212716,15.89493445,234.4381885,32.41527202,801.4466265,19.54382437,476.3593284,nan,-12.03358456,103.8463621,10.37343341,101.5632045,-1.30397586,9.147230283,0.227532415,2.448785773,-3.32496281,5.474976807,1.373291,7.26090199,,
201709220932,10823,60.13,8658,3,0,7,5,4,5.571,5.4,nan,25.61098936,100.000035,-0.170458587,-26.611328,24.169922,27.973866,32.43199331,nan,nan,0,0,35.54551269,214.0833895,16.76108067,350.436318,nan,-17.88884939,34.4127336,nan,nan,-1.583784077,1.68382143,-0.1265913333,0.5358692899,nan,nan,0.08138033333,0.01324551731,,
201709221037,13484,74.91,10787,25,28,8,4,9,9.375,11.25,34.2,21.74970327,100.000035,-0.2582409302,-40.283203,35.15625,13.84116151,191.4264113,13.62406132,177.2436097,19.01246195,205.9146541,12.92026596,332.7169555,3.9302846,47.15788778,17.73024982,-11.59939235,97.85465416,10.93660498,94.93570916,-1.9628906,33.70037098,-0.4557291333,1.040034575,-5.9244792,22.37531893,nan,nan,,
201709221238,5992,33.29,4794,9,6,3,2,nan,9,9,nan,20.60231414,96.078465,-0.3750722305,-26.611328,29.541016,16.96225352,232.4817836,14.47019718,127.0359064,15.61728942,235.1191227,9.774876333,157.3518515,12.156867,20.72708529,25.490205,-10.57213935,65.33157959,14.58678578,83.4336711,-1.401548037,24.3566331,1.410590222,2.354751555,nan,nan,nan,nan,,
201709221313,13327,74.04,10662,17,21,3,2,nan,10,10.5,99,21.78883672,64.313748,-0.3527239747,-32.470703,33.203125,13.17128965,152.3915969,15.30805207,171.5812641,16.97293822,179.0041096,5.3464071,53.15378149,13.89356229,144.7733047,nan,-11.0999914,110.9037713,10.93296405,95.6577215,-2.384440033,9.54740582,0.9184337143,0.7203917337,-2.441406333,13.86801349,6.863064333,18.86744595,,
201709221435,9300,51.67,7440,12,10,4,3,9,11.25,9,31.5,19.61913426,80.000028,-0.5739602379,-49.804688,36.132812,11.24845268,166.8072785,10.39548386,123.1011423,14.88993664,145.6022857,18.910682,280.2813796,11.57589367,237.1553385,nan,-10.87095364,70.9534373,11.73392256,112.21511,-0.7269965111,3.699432111,0.09042248148,0.508397268,-1.406715,3.922012686,nan,nan,,
201709221527,22860,127,18288,13,18,8,6,nan,7.5,6.5,nan,24.37830916,100.000035,-0.142989478,-33.447266,34.912109,14.21761359,159.6542004,17.59176081,176.160079,17.77644329,216.9621557,55.0065552,1312.521061,20.37205338,231.4137108,10.45752,-19.46662447,79.1128078,16.38715699,66.40365664,-0.6551106667,11.41924054,-0.7386817949,4.36332656,-1.180013,1.42885588,-0.8951823333,0.1721913452,,
201710031224,3765,20.92,3012,2,3,2,1,nan,10.5,6,nan,15.36166406,40.392171,-0.2033696066,-28.564453,25.634766,6.136913053,59.93106027,7.115660348,99.46359976,10.74781804,83.17269673,12.79178786,83.47676066,25.4248455,3.866037137,1.568628,-8.652001053,83.68077543,8.721835348,67.73831906,-0.7672990952,1.613785825,3.499348833,5.536609389,nan,nan,nan,nan,,
201710031247,18839,104.66,15071,11,20,3,1,nan,9,9,41,17.44142814,45.098055,-0.1719077004,-36.621094,25.146484,7.978935466,85.63102748,6.734751813,75.44752286,13.18876399,117.2428348,18.344233,179.1031294,14.684101,117.6680258,0.09803925,-8.408234738,62.73497758,8.925826431,62.18646935,-0.7143372593,0.480925309,-0.05425344444,0.05003852449,-0.4475910556,0.4718701887,nan,nan,,
201710031436,1105,6.14,884,0,0,0,0,nan,nan,nan,nan,nan,nan,-0.3217465792,-0.488281,0,nan,nan,nan,nan,nan,nan,nan,nan,nan,nan,nan,nan,nan,nan,nan,nan,nan,nan,nan,nan,nan,nan,nan,,
201710031458,18302,101.68,14642,10,26,9,10,3,7.667,9.9,22.5,18.88663887,52.549038,-0.1108821075,-28.320312,27.34375,13.89877367,85.68423506,10.78661082,82.42786361,16.5937962,127.6898121,22.77352317,171.7125333,4.555359091,61.94267481,7.637724429,-14.73360281,42.00016041,13.13005413,42.24793848,-0.4635133913,4.212311964,0.2441407071,5.755761465,-1.030816,0.5931030462,0.6510416667,4.811419351,,
201710031645,4760,26.44,3808,1,3,7,3,13.5,10.714,12,nan,22.21032981,57.254922,0.1836183178,-17.089844,22.216797,8.627454,67.5953509,11.154688,109.3787106,10.49486829,191.9395681,25.32288468,218.2225732,0.3267975,1.952241958,nan,-9.540264462,17.12451981,6.190923951,54.02728174,-0.5533854,1.038445297,-0.01356344444,0.8872629392,nan,nan,0.8254277143,0.876904613,,
201710040938,14624,81.24,11699,3,7,12,7,13.5,12.25,14.571,30,24.16590692,56.078451,-0.1862307312,-44.677734,29.052734,17.06536545,179.7591501,16.24650429,112.287608,15.3202668,161.1196822,20.78165327,409.8803102,14.46751756,213.6884199,nan,-11.78385417,72.96178001,13.51376489,71.96832957,-1.134340429,4.288130285,0.2225987549,4.024017974,-2.880859467,8.266767587,nan,nan,,
201710041102,11085,61.58,8868,12,12,4,4,3,7.5,7.5,18,21.43224182,58.431393,-0.5078004526,-46.142578,25.390625,10.51986291,127.6733289,8.159182139,106.2877059,16.53266727,200.350971,14.1307239,186.8870547,8.1437937,65.51006337,8.416292538,-12.33223161,78.07985862,7.527154152,59.43444513,-0.7812498667,0.5737940031,0.8951823667,3.696812292,-1.363118583,2.97485141,0.2115885333,1.381768079,,
201710041209,9152,50.84,7322,2,1,1,1,15,6,9,nan,26.80447675,74.901987,-0.2795513868,-20.263672,24.169922,21.06028333,32.31596737,9.64052625,111.7124538,18.32801979,187.2138011,53.725509,5.741385539,0,0,nan,-9.159794556,31.8040234,8.341471417,10.66757597,-1.993815167,0.1870924437,0.5425346667,0.6990665698,-0.9358725,1.865956364,nan,nan,,
201710041351,6515,36.19,5212,11,6,2,3,9,10.5,14,nan,16.4902784,46.666683,-0.7327497653,-24.414062,28.320312,6.611183957,86.74502315,9.23529735,106.1953838,10.22196695,121.7921251,0,0,0,0,18.431379,-6.621070324,49.64023548,7.441711425,54.63955713,-2.03450519,7.693729948,0.6219772143,8.464433872,-6.130642444,2.57550946,nan,nan,,
201710041448,20022,111.23,16018,6,12,1,1,18,6,9,21,21.75263314,58.82355,-0.3854154574,-33.447266,25.390625,17.17801447,56.34952559,8.64706185,90.55032183,15.63085996,152.8976983,23.006544,1.52078367,17.037043,45.18303342,6.63398925,-11.81688492,36.83363624,11.08534073,41.3720461,-1.464843667,0.3774961039,4.340277667,11.54711289,-1.220703222,1.847743859,-0.2604166,0.8063845047,,
201710060950,4304,23.91,3443,3,8,5,4,3,9.6,12.75,nan,20.66181074,45.098055,0.3227789747,-20.996094,25.390625,8.894575435,94.52555081,10.02971236,99.09743568,19.94675111,181.5475968,13.47222694,146.6391491,4.575165,90.31625634,nan,-10.45204943,41.0292033,11.39137965,59.18816135,-0.1983642292,0.5703572352,0.1340379412,0.451858608,-1.057942667,0.5596215057,-0.5289711667,0.5049837197,,
201710061114,11277,62.65,9022,7,6,10,5,nan,8.1,12,48,22.082774,59.607864,-0.4233629895,-42.236328,28.808594,14.95579147,127.1579369,9.355745571,108.607179,16.35885034,176.7217027,12.71363311,171.2689641,14.08497225,206.6503647,15.032685,-12.60914527,45.64272058,12.59455606,69.15015761,0.06630982716,11.90917347,-0.6306965833,1.921835844,0.2441405833,4.301468114,nan,nan,,
201710061311,5836,32.42,4669,8,3,4,4,nan,8.25,11.25,21,20.0486572,48.235311,0,0,0,12.85887644,109.5200279,7.496450478,103.2358901,14.84008718,193.729107,11.36066945,109.4170593,12.7058868,299.6415443,0,0,0,0,0,0,0,0,0,0,0,nan,nan,,
201710061345,30495,169.42,24396,14,11,17,12,45,16.059,10,36,22.96255303,65.098062,-0.306016462,-56.884766,23.925781,11.75645406,136.4474126,14.25054965,165.1864352,14.77983153,185.8827919,15.0901439,255.8117022,11.44771643,203.1689128,nan,-10.7447574,56.93121313,10.68522137,73.73630951,-1.519395293,7.429701598,-0.03865564167,1.450375527,0.390625,8.406639661,5.389873897,53.28772663,,
Average,,45.55576642,6559.978102,,,,,,10.35929245,9.912816514,27.295,19.85900303,65.07482307,,,,12.87575482,128.5000552,11.68620415,,16.53538681,,17.18915894,,8.64276707,,9.571285028,-12.27741204,,11.11022962,,-1.375172334,,1.066338765,,-1.650288136,,1.358837895,,,